日期,url
4月13日,https://wx4.sinaimg.cn/mw2000/bcfc8586ly1h18z62wwm6j20nq0jywgd.jpg
4月11日,https://wx4.sinaimg.cn/mw2000/bcfc8586ly1h16nussdgbj20nu0jvjt9.jpg
4月9日,https://wx4.sinaimg.cn/mw2000/bcfc8586ly1h14d2tf94ij20qd0lu76l.jpg
4月8日,https://wx4.sinaimg.cn/mw2000/bcfc8586ly1h136ryoa1uj20q60loq4x.jpg
4月7日,https://wx4.sinaimg.cn/mw2000/bcfc8586ly1h121i21tacj20qb0lwwgl.jpg
4月6日,https://wx4.sinaimg.cn/mw2000/bcfc8586ly1h10vsju9hvj20qd0lxac6.jpg
4月5日,https://wx4.sinaimg.cn/mw2000/bcfc8586ly1h0zpwthf73j20qb0lq76f.jpg
4月3日,https://wx4.sinaimg.cn/mw2000/bcfc8586ly1h0xeyq7yp9j20qf0lvdi1.jpg
3月31日,https://wx4.sinaimg.cn/mw2000/bcfc8586ly1h0ty3skto3j20qb0m0di0.jpg
3月30日,https://wx4.sinaimg.cn/mw2000/bcfc8586ly1h0ssipcsv6j20qe0lx0ux.jpg
3月29日,https://wx4.sinaimg.cn/mw2000/bcfc8586ly1h0rmvgl1p8j20qd0lwjtk.jpg
3月26日,https://wx4.sinaimg.cn/mw2000/bcfc8586ly1h0o5zsgpdwj20qb0lxmzd.jpg
3月25日,https://wx4.sinaimg.cn/mw2000/bcfc8586ly1h0n0bup8jkj20nr0juq4w.jpg
3月23日,https://wx4.sinaimg.cn/mw2000/bcfc8586ly1h0kp3srwa7j20q90lywgm.jpg
3月22日,https://wx4.sinaimg.cn/mw2000/bcfc8586ly1h0jjjx5qfdj20qd0lyaca.jpg
3月19日,https://wx4.sinaimg.cn/mw2000/bcfc8586ly1h0g2jczc1aj20qe0lzac9.jpg
3月18日,https://wx4.sinaimg.cn/mw2000/bcfc8586ly1h0ex04fyfjj20qc0ltwgo.jpg
3月17日,https://wx4.sinaimg.cn/mw2000/bcfc8586ly1h0drl12e1qj20qc0lxdhz.jpg
3月16日,https://wx4.sinaimg.cn/mw2000/bcfc8586ly1h0clqrfi02j20qc0lytav.jpg
3月13日,https://wx4.sinaimg.cn/mw2000/bcfc8586ly1h094yqgrwqj20ns0juwgh.jpg
3月12日,https://wx4.sinaimg.cn/mw2000/bcfc8586ly1h07zc9gm2uj20qb0lqgnu.jpg
3月10日,https://wx4.sinaimg.cn/mw2000/bcfc8586ly1h05och3f2ej20md0ig405.jpg
3月9日,https://wx4.sinaimg.cn/mw2000/bcfc8586ly1h04iem2donj20qe0lx0uw.jpg
3月8日,https://wx4.sinaimg.cn/mw2000/bcfc8586ly1h03cud1kbzj20me0ilq4k.jpg
3月7日,https://wx4.sinaimg.cn/mw2000/bcfc8586ly1h026vt7yy5j20q90lvq52.jpg
3月6日,https://wx4.sinaimg.cn/mw2000/bcfc8586ly1h011nif8z8j20qd0lrtaw.jpg
3月3日,https://wx4.sinaimg.cn/mw2000/bcfc8586ly1gzxkqvb2h0j20qd0lygnt.jpg
3月2日,https://wx4.sinaimg.cn/mw2000/bcfc8586ly1gzwf61p15nj20qd0m00uz.jpg
2月28日,https://wx4.sinaimg.cn/mw2000/bcfc8586gy1gzu3uslqkaj20qc0lz40p.jpg
2月27日,https://wx4.sinaimg.cn/mw2000/bcfc8586ly1gzsxzpb1ruj20qb0lygns.jpg
2月26日,https://wx4.sinaimg.cn/mw2000/bcfc8586ly1gzrsn095rfj20qd0mcmzg.jpg
2月24日,https://wx4.sinaimg.cn/mw2000/bcfc8586ly1gzphewj8kgj20qd0lz76j.jpg
2月23日,https://wx4.sinaimg.cn/mw2000/bcfc8586ly1gzobrwv8mgj20qa0lw40o.jpg
2月22日,https://wx4.sinaimg.cn/mw2000/bcfc8586ly1gzn5t55tolj20qd0ma76j.jpg
2月21日,https://wx4.sinaimg.cn/mw2000/bcfc8586ly1gzm0huqfwrj20qc0lx0uy.jpg
2月20日,https://wx4.sinaimg.cn/mw2000/bcfc8586ly1gzkuy3drw0j20qc0lzjtm.jpg
